Position,Energy Score,Folded Energy Delta
1,2.589446485,21.19148334
2,0.293526511,18.54682658
3,-0.048771048,16.92300021
4,0.121134757,28.78621938
5,0.224372481,20.95905037
6,0.409289526,58.12799449
7,0.379761335,20.42036257
8,0.28269817,91.15783869
9,0.270149871,75.34017717
10,0.164345989,20.9692467
11,0.357989924,18.66332534
12,0.360470872,22.20344017
13,0.361533102,19.23847298
14,0.116327408,20.11308636
15,0.55588516,20.76795488
16,0.400489242,18.00054528
17,0.449499469,20.79940004
18,0.456835104,22.41246383
19,0.403819484,18.18641318
20,0.448034768,77.09131456
21,0.320213965,20.5376588
23,0.561145224,15.16352192
24,0.349123919,103.6527403
25,0.165735392,18.72582058
26,-0.127614446,24.47243609
27,0.359165079,24.12565195
28,0.59978066,19.28621797
29,0.185849678,31.2536214
30,0.661090698,15.12671244
31,0.415540928,16.9606621
32,0.373047846,12.1352443
33,0.419128568,10.23452122
34,0.783198154,45.29502376
35,-1.50560435,14.8445496
36,0.822064413,32.8002754
37,0.176970698,18.88722605
38,0.117819862,27.31952436
39,0.462286728,19.592329
40,0.230940246,21.48809313
41,0.523795333,24.0448579
42,0.51176119,20.43906823
43,0.338051882,16.28277683
44,0.399915359,21.99443864
45,0.360173043,19.71022576
46,0.087110689,15.38966179
47,0.834080321,30.8819489
48,0.20203414,29.70463267
49,0.774486263,71.92918397
50,-0.678555407,16.31616767
51,0.355049984,36.77764054
52,0.595544432,17.50460302
53,-0.422673462,19.6009495
54,-0.076247911,21.33453179
55,0.237397907,19.72748004
56,0.450173406,18.81824372
57,-0.31476014,17.32730338
58,0.179995479,16.57364502
59,0.01053519,18.11717523
60,0.132144458,21.98727524
61,-1.121819463,18.85803051
62,-0.992664847,19.83461594
63,0.199714316,22.51134777
64,0.316195485,33.32136163
65,0.373275878,21.34958311
66,0.290438669,20.88755627
67,0.237085027,20.82953551
68,0.654985579,42.30396425
69,0.347466034,16.33767314
70,0.3213446,68.26902914
71,0.470009191,20.05812832
72,0.208350842,31.83708
73,0.41228854,21.84306061
74,0.335148994,22.69869557
75,0.213108092,17.29356622
76,0.448309926,17.65801352
77,0.707805319,10.5245596
78,0.385859281,30.6279394
79,0.597655372,84.86056706
80,0.344732299,21.50426273
81,0.466186183,67.63020498
82,0.414164807,24.53266619
83,0.481840352,40.97997208
84,0.586140581,20.29551432
85,0.250940824,15.08149291
86,0.309837837,37.46053272
87,0.626514296,15.14423055
88,0.426027066,24.13471984
89,0.334604964,15.50506059
90,0.294786895,42.37209908
91,0.487879231,20.26785592
92,0.707884075,67.62636835
93,0.40605975,25.14378627
94,0.122534098,58.52249379
95,0.53291749,22.81333535
97,0.494587371,29.47904432
98,0.456975453,16.067786
99,-0.070581365,18.15870339
100,0.329927129,26.77087009
101,0.260060761,13.91624351
102,0.377609627,19.63062776
103,0.03579628,28.38984211
104,0.105818062,12.52430543
105,0.485880897,19.42593367
106,0.254040853,21.31794299
107,0.295893785,16.51134266
108,0.56347739,83.61521531
109,0.242347543,32.39847222
110,0.324953174,20.95415488
111,0.16091234,69.15868968
112,0.35219438,20.11494354
113,0.303907764,106.8378739
114,0.31224532,15.6228176
115,0.254292628,20.16278398
116,0.186465653,18.74326038
117,0.312977951,21.02558524
118,0.274216742,22.17260943
119,0.25481032,14.86142199